{"r2": 0.5493514908717645, "mae": 33.41601480263158, "feature_importance": {"_type": "image-file", "sha256": "709740de20fe3efd17b3e87e25a5e5f3e1b98887b680a223ff301c86d4f7289a", "size": 33316, "path": "media/images/feature_importance_0_709740de20fe3efd17b3.png", "format": "png", "width": 1000, "height": 1000}, "_timestamp": 1726005861.4490132, "_runtime": 38.54568934440613, "_step": 0, "_wandb": {"runtime": 37}}